{
  "info": {
    "subdir": "emscripten-32"
  },
  "packages": {
    "astropy-5.0.4-hc610fd7_0.tar.bz2": {
      "arch": "x86",
      "build": "hc610fd7_0",
      "build_number": 0,
      "depends": [
        "numpy",
        "packaging",
        "pyerfa",
        "pyyaml"
      ],
      "md5": "61b8de28b03621cd0c19d9ce1aa6cda6",
      "name": "astropy",
      "platform": "linux",
      "sha256": "02256fa5ca55740fb0852867aa14537c5217b10a23bae670f15834155ea6b5ba",
      "size": 7780535,
      "subdir": "emscripten-32",
      "timestamp": 1652201994887,
      "version": "5.0.4",
      "time_modified": 1652203406
    },
    "biopython-1.79-h672cd09_0.tar.bz2": {
      "arch": "x86",
      "build": "h672cd09_0",
      "build_number": 0,
      "depends": [
        "numpy"
      ],
      "md5": "b286e70b9d96fa41093cb9e10e02d2ec",
      "name": "biopython",
      "platform": "linux",
      "sha256": "dff81d0ba75be50e475fbe2b21a335c587fa28e0e075988e7e87319c198bbd78",
      "size": 2736323,
      "subdir": "emscripten-32",
      "timestamp": 1652200662427,
      "version": "1.79",
      "time_modified": 1652203406
    },
    "bokeh-2.4.2-py310h8b4d581_0.tar.bz2": {
      "arch": "x86",
      "build": "py310h8b4d581_0",
      "build_number": 0,
      "depends": [
        "jinja2",
        "numpy",
        "pillow",
        "python",
        "python-dateutil",
        "pyyaml",
        "six",
        "typing-extensions"
      ],
      "md5": "3c29007ad6ad32bd010524896b6aaa03",
      "name": "bokeh",
      "platform": "linux",
      "sha256": "8623d8574ca5cca71e91480efeb3f71d8f32d3c35984f3f679fd146316528eeb",
      "size": 14412691,
      "subdir": "emscripten-32",
      "timestamp": 1652202234313,
      "version": "2.4.2",
      "time_modified": 1652203406
    },
    "boost-cpp-1.79.0-hd204ced_0.tar.bz2": {
      "arch": "x86",
      "build": "hd204ced_0",
      "build_number": 0,
      "constrains": [
        "libboost <0"
      ],
      "depends": [
        "bzip2"
      ],
      "md5": "712c68e47685844c50cf1a680ac3678a",
      "name": "boost-cpp",
      "platform": "linux",
      "sha256": "8e2a6d2255d10a4d7a46a077c20641a3cde9b7530cac54846ad481322f861040",
      "size": 15254579,
      "subdir": "emscripten-32",
      "timestamp": 1659673104308,
      "version": "1.79.0",
      "time_modified": 1659673157
    },
    "brotli-1.0.9-hb46d3e1_0.tar.bz2": {
      "arch": "x86",
      "build": "hb46d3e1_0",
      "build_number": 0,
      "depends": [],
      "md5": "4a1c1813a21121c844769fb679de7ae2",
      "name": "brotli",
      "platform": "linux",
      "sha256": "6e6bfe87049522ffd56bbd719e3f48c3ada9f19d53cedc701df7dfb4c4227275",
      "size": 1104208,
      "subdir": "emscripten-32",
      "timestamp": 1652203117003,
      "version": "1.0.9",
      "time_modified": 1652203406
    },
    "bzip2-1.0.8-h1a65802_0.tar.bz2": {
      "arch": "x86",
      "build": "h1a65802_0",
      "build_number": 0,
      "depends": [],
      "md5": "19a0bc5e186f0587c240d08f7337d60e",
      "name": "bzip2",
      "platform": "linux",
      "sha256": "1f5792e2292fe55c1a732b7036e2613ffba0c68a916e9f39b147b3d1521b9b47",
      "size": 269905,
      "subdir": "emscripten-32",
      "timestamp": 1652199291076,
      "version": "1.0.8",
      "time_modified": 1652203406
    },
    "cffi-1.15.0-py310h755f33f_0.tar.bz2": {
      "arch": "x86",
      "build": "py310h755f33f_0",
      "build_number": 0,
      "depends": [
        "libffi >=3.4.2,<3.5.0a0",
        "pycparser",
        "python"
      ],
      "md5": "6b26bf0d940a3541276b526389b5ec34",
      "name": "cffi",
      "platform": "linux",
      "sha256": "46042c9da30040313498382f00a9c4fada751a6af3f9a7e3af0010ed9a658a36",
      "size": 199739,
      "subdir": "emscripten-32",
      "timestamp": 1652201604303,
      "version": "1.15.0",
      "time_modified": 1652203406
    },
    "cffi_example-0.1-py310h672cd09_0.tar.bz2": {
      "arch": "x86",
      "build": "py310h672cd09_0",
      "build_number": 0,
      "depends": [
        "cffi",
        "python"
      ],
      "md5": "6b5cff8123e1b6620d871baf5577076f",
      "name": "cffi_example",
      "platform": "linux",
      "sha256": "ada2dfda5aa796d7f7c1a1b78a37c2c13e7ce6c93319e6d7db16ed16b6f69251",
      "size": 15458,
      "subdir": "emscripten-32",
      "timestamp": 1652201638986,
      "version": "0.1",
      "time_modified": 1652203406
    },
    "cftime-1.6.0-py310h8a38847_0.tar.bz2": {
      "arch": "x86",
      "build": "py310h8a38847_0",
      "build_number": 0,
      "depends": [
        "numpy",
        "python"
      ],
      "md5": "29ae5d2e7d02f141245e57b00f0055a7",
      "name": "cftime",
      "platform": "linux",
      "sha256": "3e82b2328f809c4c026530bdb3b06ecc1691813043c7b04e67a607f3ea74a717",
      "size": 99814,
      "subdir": "emscripten-32",
      "timestamp": 1659949091613,
      "version": "1.6.0",
      "time_modified": 1659949128
    },
    "cftime-1.6.0-py310he1922d0_0.tar.bz2": {
      "arch": "x86",
      "build": "py310he1922d0_0",
      "build_number": 0,
      "depends": [
        "numpy",
        "python"
      ],
      "md5": "91d48781d760c7e0743c8671a2f30840",
      "name": "cftime",
      "platform": "linux",
      "sha256": "9490366f3a08e87adcfdb5c6f4a84cc7bf6c1dbfc1ac09d2fe16ee0d45324ce9",
      "size": 100596,
      "subdir": "emscripten-32",
      "timestamp": 1652200371592,
      "version": "1.6.0",
      "time_modified": 1652203406
    },
    "clapack-3.2.1-h1a65802_0.tar.bz2": {
      "arch": "x86",
      "build": "h1a65802_0",
      "build_number": 0,
      "depends": [],
      "md5": "74b7993f3d43e452a931d2d1d47048a6",
      "name": "clapack",
      "platform": "linux",
      "sha256": "929ba9bed9be75e8c24266887a835ff73495b489ce24c5d57ef504e8c17452ae",
      "size": 1112215,
      "subdir": "emscripten-32",
      "timestamp": 1652200584359,
      "version": "3.2.1",
      "time_modified": 1652203406
    },
    "clapack-3.2.1-hed05afa_1.tar.bz2": {
      "arch": "x86",
      "build": "hed05afa_1",
      "build_number": 1,
      "depends": [],
      "md5": "12ede2ba650196a0f8ed07b66b08070f",
      "name": "clapack",
      "platform": "linux",
      "sha256": "55bcfb17db8ea1c75d6257e7d64d807a50b3f1860f0bcdc8da8cf8b2626ac064",
      "size": 1139582,
      "subdir": "emscripten-32",
      "timestamp": 1659362077910,
      "version": "3.2.1",
      "time_modified": 1659362088
    },
    "cryptography-3.3.2-h683f84e_1.tar.bz2": {
      "arch": "x86",
      "build": "h683f84e_1",
      "build_number": 1,
      "depends": [
        "cffi"
      ],
      "md5": "e1bf77a6629d19c5619c91077fc1ac86",
      "name": "cryptography",
      "platform": "linux",
      "sha256": "ac9c5b7c483a462ab5d5ae8fdb7dc30c8f16cf6af7a6441cf55f801f7c5b1532",
      "size": 1133982,
      "subdir": "emscripten-32",
      "timestamp": 1652201861969,
      "version": "3.3.2",
      "time_modified": 1652203407
    },
    "cytoolz-0.11.2-h672cd09_0.tar.bz2": {
      "arch": "x86",
      "build": "h672cd09_0",
      "build_number": 0,
      "depends": [
        "nose",
        "toolz >=0.10.0"
      ],
      "md5": "5e8bd58e4df67faa4ac3b073394e0a71",
      "name": "cytoolz",
      "platform": "linux",
      "sha256": "992f0a08322c57c999ccebca46d9ef8ab4d572b4f9078af4d53b632501cb11a2",
      "size": 228807,
      "subdir": "emscripten-32",
      "timestamp": 1652200761420,
      "version": "0.11.2",
      "time_modified": 1652203407
    },
    "docutils-0.18.1-py310h8b4d581_0.tar.bz2": {
      "arch": "x86",
      "build": "py310h8b4d581_0",
      "build_number": 0,
      "depends": [
        "python"
      ],
      "md5": "9330364f6c5f8c3b8cd6bc749c261961",
      "name": "docutils",
      "platform": "linux",
      "sha256": "0422e45b9d677cab8933947bdee51c3cc4216edb999906ad9bcbc1fea35aad22",
      "size": 775603,
      "subdir": "emscripten-32",
      "timestamp": 1652200796234,
      "version": "0.18.1",
      "time_modified": 1652203407
    },
    "eigen-3.4.0-h39b0648_0.tar.bz2": {
      "arch": "x86",
      "build": "h39b0648_0",
      "build_number": 0,
      "depends": [],
      "md5": "c5d47124cdfc8219c0069c0c55aa45de",
      "name": "eigen",
      "platform": "linux",
      "sha256": "19dbc57c05400e4fc243f9462090976765fff17fe9451d62501e7b057f714d9e",
      "size": 1262286,
      "subdir": "emscripten-32",
      "timestamp": 1658260200009,
      "version": "3.4.0",
      "time_modified": 1658260216
    },
    "expat-2.4.8-hc1e7d59_0.tar.bz2": {
      "arch": "x86",
      "build": "hc1e7d59_0",
      "build_number": 0,
      "depends": [],
      "md5": "7da75464a4eafcc2c038ee3b5b0dd27c",
      "name": "expat",
      "platform": "linux",
      "sha256": "e9d3ca55ab846cb0e962d754c52c228acebb91bf14a76d5f93fd1de288d95682",
      "size": 239912,
      "subdir": "emscripten-32",
      "timestamp": 1659691604883,
      "version": "2.4.8",
      "time_modified": 1659691693
    },
    "fonttools-4.29.1-py310h672cd09_0.tar.bz2": {
      "arch": "x86",
      "build": "py310h672cd09_0",
      "build_number": 0,
      "depends": [
        "python"
      ],
      "md5": "88f964348683d41a0725e50f3a2fdb87",
      "name": "fonttools",
      "platform": "linux",
      "sha256": "ec5e5f4105a305aab53002d66fe81b5ebe2b164d9bdae9073a02274a0787b9ec",
      "size": 1626825,
      "subdir": "emscripten-32",
      "timestamp": 1652200836592,
      "version": "4.29.1",
      "time_modified": 1652203407
    },
    "freesasa-2.1.0-h672cd09_0.tar.bz2": {
      "arch": "x86",
      "build": "h672cd09_0",
      "build_number": 0,
      "depends": [],
      "md5": "774c5c2d1279104901842c002383d01b",
      "name": "freesasa",
      "platform": "linux",
      "sha256": "2918b936910b1b999248a5688529cb1758f4f5dc8c18c0185a5f39895146ce5a",
      "size": 173824,
      "subdir": "emscripten-32",
      "timestamp": 1652202191646,
      "version": "2.1.0",
      "time_modified": 1652203407
    },
    "future-0.18.2-h8b4d581_0.tar.bz2": {
      "arch": "x86",
      "build": "h8b4d581_0",
      "build_number": 0,
      "depends": [],
      "md5": "a20743ecbfd42b38e89266544a0dea29",
      "name": "future",
      "platform": "linux",
      "sha256": "ad9ff1f00bcc5b9c8bf7caca05a1d87cb175ed183bf30a341a087b0f594a9681",
      "size": 744131,
      "subdir": "emscripten-32",
      "timestamp": 1652200711488,
      "version": "0.18.2",
      "time_modified": 1652203407
    },
    "glpk-5.0-h1a65802_0.tar.bz2": {
      "arch": "x86",
      "build": "h1a65802_0",
      "build_number": 0,
      "depends": [],
      "md5": "e3db591eda7c63cd2145642b1a42571b",
      "name": "glpk",
      "platform": "linux",
      "sha256": "61d34047b4881f2e7df1d66037bc71931389fb4df5a6c7b85b7a34467e724342",
      "size": 2587578,
      "subdir": "emscripten-32",
      "timestamp": 1652200635705,
      "version": "5.0",
      "time_modified": 1652203407
    },
    "gmp-6.2.1-hc1e7d59_0.tar.bz2": {
      "arch": "x86",
      "build": "hc1e7d59_0",
      "build_number": 0,
      "depends": [],
      "md5": "03a5fdb872daef1abb8fffda10963811",
      "name": "gmp",
      "platform": "linux",
      "sha256": "4028e271a94ea133dfaa18f9534d95b388b5eac8e79ec89c53f11affe2add111",
      "size": 754818,
      "subdir": "emscripten-32",
      "timestamp": 1659633507610,
      "version": "6.2.1",
      "time_modified": 1659633832
    },
    "gmpy2-2.1.2-py310h34f85ee_0.tar.bz2": {
      "arch": "x86",
      "build": "py310h34f85ee_0",
      "build_number": 0,
      "depends": [
        "gmp >=6.2.1,<7.0a0",
        "mpc",
        "python"
      ],
      "md5": "763cbf7ea4bfb8c820f8ef9474901921",
      "name": "gmpy2",
      "platform": "linux",
      "sha256": "08a77b63f989afc826c417cd4545e8b6c3cc6ae29be8cda49f26b87f33330087",
      "size": 428391,
      "subdir": "emscripten-32",
      "timestamp": 1659633804123,
      "version": "2.1.2",
      "time_modified": 1659633832
    },
    "hdf5-1.12.2-hacd53d4_0.tar.bz2": {
      "arch": "x86",
      "build": "hacd53d4_0",
      "build_number": 0,
      "depends": [
        "zlib"
      ],
      "md5": "36c35f3bf80ccb477fead47849147bdb",
      "name": "hdf5",
      "platform": "linux",
      "sha256": "6527fcdbacf9a329ed8d3bbd41667e1919a98399d74677766fbad8377d043f25",
      "size": 7437166,
      "subdir": "emscripten-32",
      "timestamp": 1659673616026,
      "version": "1.12.2",
      "time_modified": 1659673632
    },
    "ipython-7.32.0-py310h8b4d581_1.tar.bz2": {
      "arch": "x86",
      "build": "py310h8b4d581_1",
      "build_number": 1,
      "depends": [
        "backcall",
        "decorator",
        "jedi >=0.16",
        "matplotlib-inline",
        "pexpect",
        "pickleshare",
        "prompt-toolkit >=2.0.0,<3.1.0,!=3.0.0,!=3.0.1",
        "pygments >=2.4.0",
        "python",
        "stack_data",
        "traitlets >=5"
      ],
      "md5": "d94d05ca80d1973912c950a594cbadd4",
      "name": "ipython",
      "platform": "linux",
      "sha256": "137ee179963f11eedc057ca6f131c291c79bd5571bc07329e62090c512e562a1",
      "size": 1202067,
      "subdir": "emscripten-32",
      "timestamp": 1652203351704,
      "version": "7.32.0",
      "time_modified": 1652203407
    },
    "ipywidgets-7.7.0-py310h8b4d581_0.tar.bz2": {
      "arch": "x86",
      "build": "py310h8b4d581_0",
      "build_number": 0,
      "depends": [
        "ipython >=4.0.0",
        "ipython_genutils >=0.2.0,<0.3.0",
        "jupyterlab_widgets >=1.0.0,<2.0.0",
        "nbformat >=4.2.0",
        "python >=3.3",
        "traitlets >=4.3.1,<6.0.0",
        "widgetsnbextension >=3.6.0,<3.7.0"
      ],
      "md5": "e78ea3fd1af86e4f1b1344ff19ff9c83",
      "name": "ipywidgets",
      "platform": "linux",
      "sha256": "da3343d22faa1a1efadbe8420dc4342b75ce4e4dffc3560be0ff1f3b2c4025f2",
      "size": 191837,
      "subdir": "emscripten-32",
      "timestamp": 1652442853448,
      "version": "7.7.0",
      "time_modified": 1652442856
    },
    "ipywidgets-7.7.1-py310h8bed8af_0.tar.bz2": {
      "arch": "x86",
      "build": "py310h8bed8af_0",
      "build_number": 0,
      "depends": [
        "ipython >=4.0.0",
        "ipython_genutils >=0.2.0,<0.3.0",
        "jupyterlab_widgets >=1.0.0,<2.0.0",
        "nbformat >=4.2.0",
        "python >=3.3",
        "traitlets >=4.3.1,<6.0.0",
        "widgetsnbextension >=3.6.0,<3.7.0"
      ],
      "md5": "78d9b17c3cf7a668153acbe82839d977",
      "name": "ipywidgets",
      "platform": "linux",
      "sha256": "26486b75c2a8e709a12206cd03a4b59cc5cd0185cfb5d7b8fcf75a3564a4b9e4",
      "size": 178900,
      "subdir": "emscripten-32",
      "timestamp": 1655969260115,
      "version": "7.7.1",
      "time_modified": 1655969266
    },
    "ipywidgets-8.0.1-py310h8bed8af_0.tar.bz2": {
      "arch": "x86",
      "build": "py310h8bed8af_0",
      "build_number": 0,
      "depends": [
        "ipython >=4.0.0",
        "ipython_genutils >=0.2.0,<0.3.0",
        "jupyterlab_widgets >=3.0.0,<4.0.0",
        "nbformat >=4.2.0",
        "python >=3.7",
        "traitlets >=4.3.1,<6.0.0",
        "widgetsnbextension >=4.0.0,<5.0.0"
      ],
      "md5": "20347f58545809d2d3c256548476d787",
      "name": "ipywidgets",
      "platform": "linux",
      "sha256": "f90e35a4f2b82a41aae41b2027b2520ca6aa83ef2e351b782f63e357924d50ee",
      "size": 190931,
      "subdir": "emscripten-32",
      "timestamp": 1660830581658,
      "version": "8.0.1",
      "time_modified": 1660830590
    },
    "jedi-0.18.1-py310h8b4d581_0.tar.bz2": {
      "arch": "x86",
      "build": "py310h8b4d581_0",
      "build_number": 0,
      "depends": [
        "parso >=0.8.0,<0.9.0",
        "python"
      ],
      "md5": "db093bd12c6d3c1117304e86e7138466",
      "name": "jedi",
      "platform": "linux",
      "sha256": "6a451c7c895a49991d6506720adeaff934bb8af093384c2156d13cb734e2173a",
      "size": 1022211,
      "subdir": "emscripten-32",
      "timestamp": 1652200874717,
      "version": "0.18.1",
      "time_modified": 1652203407
    },
    "joblib-1.1.0-py310h8bed8af_0.tar.bz2": {
      "arch": "x86",
      "build": "py310h8bed8af_0",
      "build_number": 0,
      "depends": [
        "python >=3.6",
        "setuptools"
      ],
      "md5": "ce87dfbf8e11361887af46459777b09d",
      "name": "joblib",
      "platform": "linux",
      "sha256": "5a3042572aba17bd4f2a05dadfb789a5276e794451c8697581544ff80e9d83e6",
      "size": 430326,
      "subdir": "emscripten-32",
      "timestamp": 1659444600787,
      "version": "1.1.0",
      "time_modified": 1659444637
    },
    "kiwisolver-1.3.2-h5820cd7_0.tar.bz2": {
      "arch": "x86",
      "build": "h5820cd7_0",
      "build_number": 0,
      "depends": [],
      "md5": "6b6569915eac7ae0054a811cc5aa5ece",
      "name": "kiwisolver",
      "platform": "linux",
      "sha256": "8b49134a8db89a5de9aa47daede8bc97e32f5efd4bc22f418806277587174544",
      "size": 31069,
      "subdir": "emscripten-32",
      "timestamp": 1652203141368,
      "version": "1.3.2",
      "time_modified": 1652203407
    },
    "libffi-3.4.2-h5820cd7_0.tar.bz2": {
      "arch": "x86",
      "build": "h5820cd7_0",
      "build_number": 0,
      "depends": [],
      "md5": "a056493819429cf7bdd72b8261fa7d70",
      "name": "libffi",
      "platform": "linux",
      "sha256": "f9343fb305cd650b256968ea60e8a95a2cbb631961df252192b1662f2d9bead5",
      "size": 19052,
      "subdir": "emscripten-32",
      "timestamp": 1652199280918,
      "version": "3.4.2",
      "time_modified": 1652203407
    },
    "libiconv-1.16-h1a65802_0.tar.bz2": {
      "arch": "x86",
      "build": "h1a65802_0",
      "build_number": 0,
      "depends": [],
      "md5": "7ddf2809a73288f7523865f0724cca9d",
      "name": "libiconv",
      "platform": "linux",
      "sha256": "8e136104fa2b6a8cf08ee2783f1e8fa486c4ee09f54bd01c55aa0e416e95efdf",
      "size": 887376,
      "subdir": "emscripten-32",
      "timestamp": 1652200960735,
      "version": "1.16",
      "time_modified": 1652203407
    },
    "libpython-3.10.2-h51e9701_0.tar.bz2": {
      "arch": "x86",
      "build": "h51e9701_0",
      "build_number": 0,
      "depends": [
        "bzip2",
        "libffi",
        "python",
        "sqlite",
        "zlib"
      ],
      "md5": "e7ab89f861e552c294154dc828e3ea5c",
      "name": "libpython",
      "platform": "linux",
      "sha256": "60dec7cd97591158e0ce38854ee47af335efb907015def5843bbbd24a016a671",
      "size": 2906,
      "subdir": "emscripten-32",
      "timestamp": 1662107920330,
      "version": "3.10.2",
      "time_modified": 1662107927
    },
    "libsolv-0.7.22-he955c13_0.tar.bz2": {
      "arch": "x86",
      "build": "he955c13_0",
      "build_number": 0,
      "depends": [
        "zlib >=1.2.12,<1.3.0a0"
      ],
      "md5": "65bb96eee0ae47a2b65bf02d102c7d04",
      "name": "libsolv",
      "platform": "linux",
      "sha256": "bed8bfda1e919e422861361488a111ba284c5046c9c93c9fbaaac9c72223b435",
      "size": 418569,
      "subdir": "emscripten-32",
      "timestamp": 1652199185933,
      "version": "0.7.22",
      "time_modified": 1652203407
    },
    "libtiff-4.4.0-hc1e7d59_0.tar.bz2": {
      "arch": "x86",
      "build": "hc1e7d59_0",
      "build_number": 0,
      "depends": [],
      "md5": "69365cf17e5b981749d6e938df8f893b",
      "name": "libtiff",
      "platform": "linux",
      "sha256": "7fb2ebb1f894f82d3fc7529db9e25fe76a7cd2f8e7b0a684966d69d115203d6c",
      "size": 1137716,
      "subdir": "emscripten-32",
      "timestamp": 1659439933207,
      "version": "4.4.0",
      "time_modified": 1659440026
    },
    "libwebp-1.2.3-hed05afa_0.tar.bz2": {
      "arch": "x86",
      "build": "hed05afa_0",
      "build_number": 0,
      "constrains": [
        "libwebp 1.2.3*"
      ],
      "depends": [],
      "md5": "7bea3b81d588af8b2a9c1f784d47842a",
      "name": "libwebp",
      "platform": "linux",
      "sha256": "efb08ae1f6c582bacd117e639c2f02d5c7b3a1b248062bea2ff314d8b5d102d1",
      "size": 238969,
      "subdir": "emscripten-32",
      "timestamp": 1659440021160,
      "version": "1.2.3",
      "time_modified": 1659440026
    },
    "libxml2-2.9.14-hed05afa_0.tar.bz2": {
      "arch": "x86",
      "build": "hed05afa_0",
      "build_number": 0,
      "depends": [
        "libiconv",
        "zlib"
      ],
      "md5": "ad7e2f10636e484c41ed3516a39bdfb9",
      "name": "libxml2",
      "platform": "linux",
      "sha256": "184f5e03a8d04dd299a5c6086c273d6ac231a41d29fe940b052ff5e5d02b9271",
      "size": 2114419,
      "subdir": "emscripten-32",
      "timestamp": 1658319765844,
      "version": "2.9.14",
      "time_modified": 1658319864
    },
    "libxml-2.9.10-h1a65802_0.tar.bz2": {
      "arch": "x86",
      "build": "h1a65802_0",
      "build_number": 0,
      "depends": [
        "libiconv",
        "zlib"
      ],
      "md5": "eb985acef8d5d2798cdf7f3914d3a648",
      "name": "libxml",
      "platform": "linux",
      "sha256": "53ed1e9f20960366ac2678933cd6863e083030bb9841dc6373f25c25b2f10806",
      "size": 2151824,
      "subdir": "emscripten-32",
      "timestamp": 1652203018402,
      "version": "2.9.10",
      "time_modified": 1652203407
    },
    "libxslt-1.1.33-h1a65802_0.tar.bz2": {
      "arch": "x86",
      "build": "h1a65802_0",
      "build_number": 0,
      "depends": [
        "libxml"
      ],
      "md5": "902723913db718561d638aae997ed035",
      "name": "libxslt",
      "platform": "linux",
      "sha256": "051a33efc8530f75f244e26397d0074dd29df4412d7207e57ea6b60600249fe2",
      "size": 616152,
      "subdir": "emscripten-32",
      "timestamp": 1652203058847,
      "version": "1.1.33",
      "time_modified": 1652203407
    },
    "libxslt-1.1.35-h903fd17_0.tar.bz2": {
      "arch": "x86",
      "build": "h903fd17_0",
      "build_number": 0,
      "depends": [
        "libxml2 >=2.9.14,<2.10.0a0"
      ],
      "md5": "e42597fa3d03cb71ca7dd863321505db",
      "name": "libxslt",
      "platform": "linux",
      "sha256": "714e47f6b0bafdea13feab754b34238768d99203b8dcd188ef0c532e1eca1d15",
      "size": 657355,
      "subdir": "emscripten-32",
      "timestamp": 1658319857985,
      "version": "1.1.35",
      "time_modified": 1658319864
    },
    "libyaml-0.2.1-h1a65802_0.tar.bz2": {
      "arch": "x86",
      "build": "h1a65802_0",
      "build_number": 0,
      "depends": [],
      "md5": "b10592a662e609e6e2a456728a5a064e",
      "name": "libyaml",
      "platform": "linux",
      "sha256": "f80e5749d501f76798a49f4f063b5ab8a090898b543e68940a324af4294878eb",
      "size": 189453,
      "subdir": "emscripten-32",
      "timestamp": 1652200975049,
      "version": "0.2.1",
      "time_modified": 1652203407
    },
    "llvmdev-11.1.0-h201caa0_0.tar.bz2": {
      "arch": "x86",
      "build": "h201caa0_0",
      "build_number": 0,
      "depends": [],
      "md5": "8142ae27d0ea181b6ffa53f07bf373ec",
      "name": "llvmdev",
      "platform": "linux",
      "sha256": "df3077a5a14eb6a092b0bae029c3af19c37317edda0e0b75f8daaae7dbc55ef3",
      "size": 19673970,
      "subdir": "emscripten-32",
      "timestamp": 1660285087218,
      "version": "11.1.0",
      "time_modified": 1660285126
    },
    "llvmdev-14.0.6-h201caa0_0.tar.bz2": {
      "arch": "x86",
      "build": "h201caa0_0",
      "build_number": 0,
      "depends": [],
      "md5": "c42e4b6fe940d17bbf12fda56a00c489",
      "name": "llvmdev",
      "platform": "linux",
      "sha256": "e7fbcd7346d4756223906437216b68cb3a545b0cb00633ec858c2afbf88fdd4c",
      "size": 23909280,
      "subdir": "emscripten-32",
      "timestamp": 1659942602870,
      "version": "14.0.6",
      "time_modified": 1659942647
    },
    "logbook-1.5.3-py310h672cd09_1.tar.bz2": {
      "arch": "x86",
      "build": "py310h672cd09_1",
      "build_number": 1,
      "depends": [
        "python"
      ],
      "md5": "c6f523166fd07b8a5a58db1917e127dc",
      "name": "logbook",
      "platform": "linux",
      "sha256": "0b7a8b19618087d819b0da7c41d6cb398fe296cec408816c2a278feba3b744ed",
      "size": 108094,
      "subdir": "emscripten-32",
      "timestamp": 1652202151175,
      "version": "1.5.3",
      "time_modified": 1652203407
    },
    "markupsafe-2.1.1-py310h672cd09_0.tar.bz2": {
      "arch": "x86",
      "build": "py310h672cd09_0",
      "build_number": 0,
      "depends": [
        "python"
      ],
      "md5": "0d31fb557a4189ca01d35d71164b1a39",
      "name": "markupsafe",
      "platform": "linux",
      "sha256": "33c3df983cd942d4552cbd5519612aaf4acd626220051de0146c8c38e53c17fd",
      "size": 19427,
      "subdir": "emscripten-32",
      "timestamp": 1652200418278,
      "version": "2.1.1",
      "time_modified": 1652203407
    },
    "matplotlib-3.5.1-h7c23efa_1.tar.bz2": {
      "arch": "x86",
      "build": "h7c23efa_1",
      "build_number": 1,
      "depends": [
        "cycler",
        "fonttools",
        "kiwisolver",
        "numpy",
        "packaging",
        "pillow",
        "pyparsing",
        "python-dateutil",
        "pytz"
      ],
      "md5": "8b0ec22233cdc53a4251f2d4243f9161",
      "name": "matplotlib",
      "platform": "linux",
      "sha256": "24b5e1b9f57af8885bd5db1fa199d7f5711625541cf65f81f842c981aff774db",
      "size": 9966988,
      "subdir": "emscripten-32",
      "timestamp": 1659618176414,
      "version": "3.5.1",
      "time_modified": 1659618237
    },
    "matplotlib-3.5.1-he3f3feb_0.tar.bz2": {
      "arch": "x86",
      "build": "he3f3feb_0",
      "build_number": 0,
      "depends": [
        "cycler",
        "fonttools",
        "kiwisolver",
        "numpy",
        "packaging",
        "pillow",
        "pyparsing",
        "python-dateutil",
        "pytz"
      ],
      "md5": "fb7360077085964c629df64a4b36c237",
      "name": "matplotlib",
      "platform": "linux",
      "sha256": "2f1691bd8887d018e8a09a97de7c3d18b461fc64efaf574d3442638c3cfd7a0e",
      "size": 9973328,
      "subdir": "emscripten-32",
      "timestamp": 1652203289393,
      "version": "3.5.1",
      "time_modified": 1652203407
    },
    "matplotlib-3.5.2-py310h7c23efa_0.tar.bz2": {
      "arch": "x86",
      "build": "py310h7c23efa_0",
      "build_number": 0,
      "depends": [
        "matplotlib-base 3.5.2",
        "python"
      ],
      "md5": "f3c9a476db87f655fa0256b42c93df13",
      "name": "matplotlib",
      "platform": "linux",
      "sha256": "cd9f7b671da06fee001464befd52496300bb4cb309f169d96db85ebf955d7b1a",
      "size": 2086127,
      "subdir": "emscripten-32",
      "timestamp": 1659684229742,
      "version": "3.5.2",
      "time_modified": 1659684281
    },
    "matplotlib-base-3.5.2-h7c23efa_0.tar.bz2": {
      "arch": "x86",
      "build": "h7c23efa_0",
      "build_number": 0,
      "depends": [
        "cycler",
        "fonttools",
        "kiwisolver",
        "numpy",
        "packaging",
        "pillow",
        "pyparsing",
        "python-dateutil",
        "pytz"
      ],
      "md5": "dee66248fda1274caf1617588ce7bf81",
      "name": "matplotlib-base",
      "platform": "linux",
      "sha256": "7fc318b8b638de1feeafcc0b4952981b9353937940a833d15e5741a98852cd04",
      "size": 9966488,
      "subdir": "emscripten-32",
      "timestamp": 1659684220859,
      "version": "3.5.2",
      "time_modified": 1659684281
    },
    "mpc-1.2.1-h7191ef3_0.tar.bz2": {
      "arch": "x86",
      "build": "h7191ef3_0",
      "build_number": 0,
      "depends": [
        "gmp >=6.2.1,<7.0a0",
        "mpfr >=4.1.0,<5.0a0"
      ],
      "md5": "22268e06769c93a3c50f13a33fc2ffab",
      "name": "mpc",
      "platform": "linux",
      "sha256": "72cda9d0b28877bd945560947f5f34e8243dabb997462df3a5f6c96fb1ce2e9a",
      "size": 839435,
      "subdir": "emscripten-32",
      "timestamp": 1659633728756,
      "version": "1.2.1",
      "time_modified": 1659633832
    },
    "mpfr-4.1.0-h3e4b505_0.tar.bz2": {
      "arch": "x86",
      "build": "h3e4b505_0",
      "build_number": 0,
      "depends": [
        "gmp >=6.2.1,<7.0a0"
      ],
      "md5": "a283ca5fb0dbc5668266368c64702aab",
      "name": "mpfr",
      "platform": "linux",
      "sha256": "48ec80b0c8b9d9b5442e860436b5e58b9b79992b334e1f20c06ddc2018d8cabb",
      "size": 1598402,
      "subdir": "emscripten-32",
      "timestamp": 1659633645580,
      "version": "4.1.0",
      "time_modified": 1659633832
    },
    "msgpack-1.0.3-h672cd09_0.tar.bz2": {
      "arch": "x86",
      "build": "h672cd09_0",
      "build_number": 0,
      "depends": [],
      "md5": "598d997d1f96f6bfdd80711ee3e34272",
      "name": "msgpack",
      "platform": "linux",
      "sha256": "23ed607dbdae5cfa3f30584801c99bc2fa9d75090a5b890d6793256b25326a2c",
      "size": 29720,
      "subdir": "emscripten-32",
      "timestamp": 1652201023586,
      "version": "1.0.3",
      "time_modified": 1652203407
    },
    "nlohmann_json-3.9.1-h501ac3a_0.tar.bz2": {
      "arch": "x86",
      "build": "h501ac3a_0",
      "build_number": 0,
      "depends": [],
      "md5": "644a52753a74c484283143935543fc75",
      "name": "nlohmann_json",
      "platform": "linux",
      "sha256": "4e2e74f6511470e72d33de4c24188599df40c8a911174faf28ca88471505f8a1",
      "size": 120621,
      "subdir": "emscripten-32",
      "timestamp": 1652200025488,
      "version": "3.9.1",
      "time_modified": 1652203407
    },
    "nlopt-2.7.0-hc610fd7_0.tar.bz2": {
      "arch": "x86",
      "build": "hc610fd7_0",
      "build_number": 0,
      "depends": [
        "numpy"
      ],
      "md5": "0cad6e29c0e2f9bc151ce6213876688b",
      "name": "nlopt",
      "platform": "linux",
      "sha256": "72ec48f73ce1d6b01f9d12ab2e7a9efd04b4578df3629a908ee42d5ff7820b86",
      "size": 175578,
      "subdir": "emscripten-32",
      "timestamp": 1652201111535,
      "version": "2.7.0",
      "time_modified": 1652203407
    },
    "numcodecs-0.9.1-h672cd09_0.tar.bz2": {
      "arch": "x86",
      "build": "h672cd09_0",
      "build_number": 0,
      "depends": [
        "msgpack",
        "numpy"
      ],
      "md5": "07f752cef61646d895ad00d1e8d93ab0",
      "name": "numcodecs",
      "platform": "linux",
      "sha256": "aec2e23bcb3d81954a136ab8164ea4093d29c3125a0dfdd2d4944708071ff84f",
      "size": 547684,
      "subdir": "emscripten-32",
      "timestamp": 1652201225451,
      "version": "0.9.1",
      "time_modified": 1652203407
    },
    "numpy-1.21.4-py310h672cd09_0.tar.bz2": {
      "arch": "x86",
      "build": "py310h672cd09_0",
      "build_number": 0,
      "depends": [
        "python"
      ],
      "md5": "8be39219393e3f068fd03b75ae663503",
      "name": "numpy",
      "platform": "linux",
      "sha256": "241e374b9cd8fc86ac1e5e4fc06eea83e521f5b7ad9befb9d39683195c3dd0dd",
      "size": 5685646,
      "subdir": "emscripten-32",
      "timestamp": 1652200274541,
      "version": "1.21.4",
      "time_modified": 1652203407
    },
    "openssl-1.1.1m-h1a65802_0.tar.bz2": {
      "arch": "x86",
      "build": "h1a65802_0",
      "build_number": 0,
      "depends": [],
      "md5": "12923c1e0190031716a14fcbe64a10fe",
      "name": "openssl",
      "platform": "linux",
      "sha256": "73454d0affb28d1523f7c6a648a173a01050c81ef9bdd41bfb5c053382173b52",
      "size": 4636328,
      "subdir": "emscripten-32",
      "timestamp": 1652201822682,
      "version": "1.1.1m",
      "time_modified": 1652203407
    },
    "pandas-1.3.5-h9ebf0c1_0.tar.bz2": {
      "arch": "x86",
      "build": "h9ebf0c1_0",
      "build_number": 0,
      "depends": [
        "numpy",
        "python-dateutil",
        "pytz"
      ],
      "md5": "03f8b3933cc3f75c0fc33a29d0919363",
      "name": "pandas",
      "platform": "linux",
      "sha256": "0b68f44cfa579d184b1b2bcb5c21a0e7810fd742d9b868f39c071cf6487405b9",
      "size": 9575455,
      "subdir": "emscripten-32",
      "timestamp": 1652783401219,
      "version": "1.3.5",
      "time_modified": 1652783484
    },
    "pandas-1.3.5-hc610fd7_0.tar.bz2": {
      "arch": "x86",
      "build": "hc610fd7_0",
      "build_number": 0,
      "depends": [
        "numpy",
        "python-dateutil",
        "pytz"
      ],
      "md5": "50d647820de9f3e118804f84fc43966b",
      "name": "pandas",
      "platform": "linux",
      "sha256": "4e915bc9f071dbf54c2c2c6afcd8093ea9303e4308c2d2c6e98e6c89e4147cb2",
      "size": 9499862,
      "subdir": "emscripten-32",
      "timestamp": 1652202723778,
      "version": "1.3.5",
      "time_modified": 1652203407
    },
    "pandas-1.4.3-h9ebf0c1_0.tar.bz2": {
      "arch": "x86",
      "build": "h9ebf0c1_0",
      "build_number": 0,
      "depends": [
        "numpy",
        "python-dateutil",
        "pytz"
      ],
      "md5": "96e9687eae360ec7489249884fc4ee02",
      "name": "pandas",
      "platform": "linux",
      "sha256": "d33b24e90803f6691d289a042df05c2c2620c7b608cbc744ac3b49803550e47d",
      "size": 9848394,
      "subdir": "emscripten-32",
      "timestamp": 1656434919310,
      "version": "1.4.3",
      "time_modified": 1656434992
    },
    "patsy-0.5.2-h8b4d581_0.tar.bz2": {
      "arch": "x86",
      "build": "h8b4d581_0",
      "build_number": 0,
      "depends": [
        "numpy",
        "six"
      ],
      "md5": "b76f2cba6ec33ee6616acbe8112cac22",
      "name": "patsy",
      "platform": "linux",
      "sha256": "debe484f9530007a79b2d3b02af781588903158c67acc0b637f42f004235b9be",
      "size": 388353,
      "subdir": "emscripten-32",
      "timestamp": 1652202901665,
      "version": "0.5.2",
      "time_modified": 1652203407
    },
    "pillow-9.1.0-h8b4d581_0.tar.bz2": {
      "arch": "x86",
      "build": "h8b4d581_0",
      "build_number": 0,
      "depends": [],
      "md5": "484ca32f50e47aea793dd96b7083bdd1",
      "name": "pillow",
      "platform": "linux",
      "sha256": "3069dd4c6f4d5b945058befafa6042dc70f1857b8cc90768116e2eaf004c8de9",
      "size": 909235,
      "subdir": "emscripten-32",
      "timestamp": 1652202116781,
      "version": "9.1.0",
      "time_modified": 1652203407
    },
    "pyb2d-0.7.2-py310h57b18ff_0.tar.bz2": {
      "arch": "x86",
      "build": "py310h57b18ff_0",
      "build_number": 0,
      "depends": [
        "numpy",
        "pydantic",
        "python"
      ],
      "md5": "31a4169a51faeab3a06cd2f9f35e98f9",
      "name": "pyb2d",
      "platform": "linux",
      "sha256": "084d7ae58e25324491d2d7579a20ef974d6e67d77f8a309fc49c4efb8a75f4b4",
      "size": 231201,
      "subdir": "emscripten-32",
      "timestamp": 1659437364233,
      "version": "0.7.2",
      "time_modified": 1659437396
    },
    "pyb2d-0.7.3-py310h57b18ff_0.tar.bz2": {
      "arch": "x86",
      "build": "py310h57b18ff_0",
      "build_number": 0,
      "depends": [
        "numpy",
        "pydantic",
        "python"
      ],
      "md5": "e22f7526434bf94f03f1a6b6a29a90af",
      "name": "pyb2d",
      "platform": "linux",
      "sha256": "1b16cdb2a1250227331ab3eef47783fbb94af3b7e1f633c2d63d3d2e66510465",
      "size": 281005,
      "subdir": "emscripten-32",
      "timestamp": 1661427629789,
      "version": "0.7.3",
      "time_modified": 1661427664
    },
    "pybind11-2.9.1-h5820cd7_0.tar.bz2": {
      "arch": "x86",
      "build": "h5820cd7_0",
      "build_number": 0,
      "depends": [],
      "md5": "92ee1f28edf133890b17309eaf57606e",
      "name": "pybind11",
      "platform": "linux",
      "sha256": "cac11d6fc06ebdd85d9d30e67adf69498ff137c349912e5e56297f2c8fb2211c",
      "size": 140154,
      "subdir": "emscripten-32",
      "timestamp": 1652199869107,
      "version": "2.9.1",
      "time_modified": 1652203407
    },
    "pybind11_json-2.1.12-h5820cd7_0.tar.bz2": {
      "arch": "x86",
      "build": "h5820cd7_0",
      "build_number": 0,
      "depends": [],
      "md5": "7ebdde55149ec9607451f25ab27e335f",
      "name": "pybind11_json",
      "platform": "linux",
      "sha256": "3b9f19bcb60a1c303339220643d9a3da898d2488f08dc08afd48ea251194bce0",
      "size": 8045,
      "subdir": "emscripten-32",
      "timestamp": 1652200071817,
      "version": "2.1.12",
      "time_modified": 1652203407
    },
    "pyerfa-2.0.0.1-py310h8a38847_1.tar.bz2": {
      "arch": "x86",
      "build": "py310h8a38847_1",
      "build_number": 1,
      "depends": [
        "numpy",
        "python"
      ],
      "md5": "a725f54ea6088eedf9d52209bfc3faf0",
      "name": "pyerfa",
      "platform": "linux",
      "sha256": "6cc6ade40f813a16dbac81b3eb46b226761d07acab2ed45e05adf47bc87a0b68",
      "size": 395545,
      "subdir": "emscripten-32",
      "timestamp": 1659966656424,
      "version": "2.0.0.1",
      "time_modified": 1659966687
    },
    "pyerfa-2.0.0.1-py310he1922d0_0.tar.bz2": {
      "arch": "x86",
      "build": "py310he1922d0_0",
      "build_number": 0,
      "depends": [
        "numpy",
        "python"
      ],
      "md5": "a8a69268e83605990f861a258989f5bf",
      "name": "pyerfa",
      "platform": "linux",
      "sha256": "a59fb0e1854ca9f95db28c359051cf692089d0a898ad2ad16a6bfd727e875593",
      "size": 385029,
      "subdir": "emscripten-32",
      "timestamp": 1652201717169,
      "version": "2.0.0.1",
      "time_modified": 1652203407
    },
    "pyjs-0.10.0-hc96583f_1.tar.bz2": {
      "arch": "x86",
      "build": "hc96583f_1",
      "build_number": 1,
      "depends": [],
      "md5": "deb135e4b00bc0698cba7accdbdc9583",
      "name": "pyjs",
      "platform": "linux",
      "sha256": "e1842a356183802cad55997e2e877f5590d96e81990dcbc3260991e252c26eca",
      "size": 6504287,
      "subdir": "emscripten-32",
      "timestamp": 1660469832296,
      "version": "0.10.0",
      "time_modified": 1660469850
    },
    "pyjs-0.1.0-hc96583f_0.tar.bz2": {
      "arch": "x86",
      "build": "hc96583f_0",
      "build_number": 0,
      "depends": [
        "bzip2 >=1.0.8,<2.0a0",
        "libffi >=3.4.2,<3.5.0a0",
        "sqlite >=3.37.2,<4.0a0",
        "zlib >=1.2.12,<1.3.0a0"
      ],
      "md5": "bc45e576e6cdf0c36d8c54aaf07c1563",
      "name": "pyjs",
      "platform": "linux",
      "sha256": "d238593a4c25470fb7576efb509a0503693fd424344f3af8020757ab22bfdfd9",
      "size": 511857,
      "subdir": "emscripten-32",
      "timestamp": 1653919787484,
      "version": "0.1.0",
      "time_modified": 1653919792
    },
    "pyjs-0.11.0-hc96583f_1.tar.bz2": {
      "arch": "x86",
      "build": "hc96583f_1",
      "build_number": 1,
      "depends": [],
      "md5": "182d9cf27b8633ca72a2d32d52b32e84",
      "name": "pyjs",
      "platform": "linux",
      "sha256": "4fc109411a713807f10c2e37dc7646d4e9c605a02ddc94f7f266c518a07ae8a9",
      "size": 6546233,
      "subdir": "emscripten-32",
      "timestamp": 1660570088454,
      "version": "0.11.0",
      "time_modified": 1660570104
    },
    "pyjs-0.11.1-hc96583f_1.tar.bz2": {
      "arch": "x86",
      "build": "hc96583f_1",
      "build_number": 1,
      "depends": [],
      "md5": "1ef23715555f600c0b892b0a184b5941",
      "name": "pyjs",
      "platform": "linux",
      "sha256": "636c276785a791138a400d84c816740956ba82fb4016441d572d04157d84a683",
      "size": 6629228,
      "subdir": "emscripten-32",
      "timestamp": 1660837068461,
      "version": "0.11.1",
      "time_modified": 1660837087
    },
    "pyjs-0.11.2-hc96583f_1.tar.bz2": {
      "arch": "x86",
      "build": "hc96583f_1",
      "build_number": 1,
      "depends": [],
      "md5": "a12ba971c1e13629033920241f7a6a7f",
      "name": "pyjs",
      "platform": "linux",
      "sha256": "9d703b69894fbb32ba058268e993136961187d63f05f518f3842c6c11739aea2",
      "size": 6629034,
      "subdir": "emscripten-32",
      "timestamp": 1661189795566,
      "version": "0.11.2",
      "time_modified": 1661189817
    },
    "pyjs-0.1.1-hc96583f_0.tar.bz2": {
      "arch": "x86",
      "build": "hc96583f_0",
      "build_number": 0,
      "depends": [
        "bzip2 >=1.0.8,<2.0a0",
        "libffi >=3.4.2,<3.5.0a0",
        "sqlite >=3.37.2,<4.0a0",
        "zlib >=1.2.12,<1.3.0a0"
      ],
      "md5": "267f9a5fb61a6c4373c9e1297e09197c",
      "name": "pyjs",
      "platform": "linux",
      "sha256": "21e02a0661fabe6ec2e714768e918eb6a9cb065f6df9b200757d39aaa7b4d02b",
      "size": 513440,
      "subdir": "emscripten-32",
      "timestamp": 1653922351512,
      "version": "0.1.1",
      "time_modified": 1653922359
    },
    "pyjs-0.12.1-hc96583f_1.tar.bz2": {
      "arch": "x86",
      "build": "hc96583f_1",
      "build_number": 1,
      "depends": [],
      "md5": "5e78db850dad1439a331b3a3f8f3dd7b",
      "name": "pyjs",
      "platform": "linux",
      "sha256": "293a5a2464c8ab04b64ab159f4ef6d4ad807af7125e9b0c58bea450ed0bc8330",
      "size": 6550699,
      "subdir": "emscripten-32",
      "timestamp": 1661258740869,
      "version": "0.12.1",
      "time_modified": 1661258756
    },
    "pyjs-0.3.1-hc96583f_0.tar.bz2": {
      "arch": "x86",
      "build": "hc96583f_0",
      "build_number": 0,
      "depends": [
        "bzip2 >=1.0.8,<2.0a0",
        "libffi >=3.4.2,<3.5.0a0",
        "sqlite >=3.37.2,<4.0a0",
        "zlib >=1.2.12,<1.3.0a0"
      ],
      "md5": "c717c9136fb1276ef3ba7e18cf754ea7",
      "name": "pyjs",
      "platform": "linux",
      "sha256": "d5a4e110c126f9ee02119041359750f6211f36392ec5a92604e4c338cff85804",
      "size": 12288,
      "subdir": "emscripten-32",
      "timestamp": 1654075425320,
      "version": "0.3.1",
      "time_modified": 1654076224
    },
    "pyjs-0.5.0-hc96583f_0.tar.bz2": {
      "arch": "x86",
      "build": "hc96583f_0",
      "build_number": 0,
      "depends": [
        "bzip2 >=1.0.8,<2.0a0",
        "libffi >=3.4.2,<3.5.0a0",
        "sqlite >=3.37.2,<4.0a0",
        "zlib >=1.2.12,<1.3.0a0"
      ],
      "md5": "6bcd89b8abb18e938e7901553651076e",
      "name": "pyjs",
      "platform": "linux",
      "sha256": "3697e86f39e4acf8d46d8fc6793dfe968c211be8bb34f888fc21dbd421a1e89c",
      "size": 17263,
      "subdir": "emscripten-32",
      "timestamp": 1654673354634,
      "version": "0.5.0",
      "time_modified": 1654673360
    },
    "pyjs-0.5.1-hc96583f_0.tar.bz2": {
      "arch": "x86",
      "build": "hc96583f_0",
      "build_number": 0,
      "depends": [
        "bzip2 >=1.0.8,<2.0a0",
        "libffi >=3.4.2,<3.5.0a0",
        "sqlite >=3.37.2,<4.0a0",
        "zlib >=1.2.12,<1.3.0a0"
      ],
      "md5": "a35a1ebf459f3968f852670b2e716bf4",
      "name": "pyjs",
      "platform": "linux",
      "sha256": "f290c102d7d7935e5deebad71f8691e62183bd783e61ad5f96cfe24182b5c21e",
      "size": 17184,
      "subdir": "emscripten-32",
      "timestamp": 1654682357480,
      "version": "0.5.1",
      "time_modified": 1654682361
    },
    "pyjs-0.6.1-hc96583f_0.tar.bz2": {
      "arch": "x86",
      "build": "hc96583f_0",
      "build_number": 0,
      "depends": [
        "bzip2 >=1.0.8,<2.0a0",
        "libffi >=3.4.2,<3.5.0a0",
        "sqlite >=3.37.2,<4.0a0",
        "zlib >=1.2.12,<1.3.0a0"
      ],
      "md5": "b23682dc9cb5ef584a045c65e164d02d",
      "name": "pyjs",
      "platform": "linux",
      "sha256": "273d8aa89e53aac0087278170d9f71e501d4e934204a1743a87c87fa006bef24",
      "size": 17150,
      "subdir": "emscripten-32",
      "timestamp": 1654847000152,
      "version": "0.6.1",
      "time_modified": 1654847005
    },
    "pyjs-0.7.0-hc96583f_0.tar.bz2": {
      "arch": "x86",
      "build": "hc96583f_0",
      "build_number": 0,
      "depends": [
        "bzip2 >=1.0.8,<2.0a0",
        "libffi >=3.4.2,<3.5.0a0",
        "sqlite >=3.37.2,<4.0a0",
        "zlib >=1.2.12,<1.3.0a0"
      ],
      "md5": "fc3720b4b2fc902ab96d9bad0b48c9c3",
      "name": "pyjs",
      "platform": "linux",
      "sha256": "8e8b3546a80e30d1d7cf76763cae678998e19a5f73fa4f8cd2592ac787d23490",
      "size": 19055,
      "subdir": "emscripten-32",
      "timestamp": 1655279046651,
      "version": "0.7.0",
      "time_modified": 1655279053
    },
    "pyjs-0.8.0-hc96583f_0.tar.bz2": {
      "arch": "x86",
      "build": "hc96583f_0",
      "build_number": 0,
      "depends": [],
      "md5": "201148bd391dfdd95661cf2a356b2592",
      "name": "pyjs",
      "platform": "linux",
      "sha256": "bda154b3f9485a80d29bd8694ca12dcc5bae0a8d220d360c7940b4c997cde20e",
      "size": 10612303,
      "subdir": "emscripten-32",
      "timestamp": 1660123838092,
      "version": "0.8.0",
      "time_modified": 1660123861
    },
    "pyjs-0.8.0-hc96583f_1.tar.bz2": {
      "arch": "x86",
      "build": "hc96583f_1",
      "build_number": 1,
      "depends": [],
      "md5": "712a8909a549932c5824823f967e32d6",
      "name": "pyjs",
      "platform": "linux",
      "sha256": "54cc8a590b496ad6d4d3b34009fd7226ab519f410c84609e915cad1bc13478c6",
      "size": 6545561,
      "subdir": "emscripten-32",
      "timestamp": 1660202196476,
      "version": "0.8.0",
      "time_modified": 1660202213
    },
    "pyjs-0.9.0-hc96583f_1.tar.bz2": {
      "arch": "x86",
      "build": "hc96583f_1",
      "build_number": 1,
      "depends": [],
      "md5": "c315f528caa93971c2fdfb4e40da6989",
      "name": "pyjs",
      "platform": "linux",
      "sha256": "8418fcca331f35954309018fb71ffba0c65994f56557580a3101cc235ba79b6a",
      "size": 6517293,
      "subdir": "emscripten-32",
      "timestamp": 1660321265122,
      "version": "0.9.0",
      "time_modified": 1660321283
    },
    "pyomo-6.4.2-py310h788dc42_0.tar.bz2": {
      "arch": "x86",
      "build": "py310h788dc42_0",
      "build_number": 0,
      "depends": [
        "ply",
        "python",
        "setuptools"
      ],
      "md5": "a8876a45f854d7c67756571923498258",
      "name": "pyomo",
      "platform": "linux",
      "sha256": "cf93371880a699d12e18dafd7b8342e1ff20ee4885a266870b5e188ed70f69da",
      "size": 4958464,
      "subdir": "emscripten-32",
      "timestamp": 1661938871209,
      "version": "6.4.2",
      "time_modified": 1661938920
    },
    "pyrsistent-0.18.1-py310h672cd09_0.tar.bz2": {
      "arch": "x86",
      "build": "py310h672cd09_0",
      "build_number": 0,
      "depends": [
        "python"
      ],
      "md5": "52b7e95e26c29383ff3de2100d2370ef",
      "name": "pyrsistent",
      "platform": "linux",
      "sha256": "11778bafff64fba5d045b8633fdd37250cfd91fe1e52346ad583977e41391dc0",
      "size": 85718,
      "subdir": "emscripten-32",
      "timestamp": 1652202950575,
      "version": "0.18.1",
      "time_modified": 1652203407
    },
    "pytest-7.1.1-h8b4d581_0.tar.bz2": {
      "arch": "x86",
      "build": "h8b4d581_0",
      "build_number": 0,
      "depends": [
        "atomicwrites",
        "attrs",
        "iniconfig",
        "more-itertools",
        "pluggy",
        "py",
        "six"
      ],
      "md5": "b424baa9db9c7236c1c397340137bdf0",
      "name": "pytest",
      "platform": "linux",
      "sha256": "186cf57439fea081e192e4d9ffa5c254535932853f61b1e62d9f565352851faa",
      "size": 476580,
      "subdir": "emscripten-32",
      "timestamp": 1652199883751,
      "version": "7.1.1",
      "time_modified": 1652203407
    },
    "pytest_driver-0.3.1-hc96583f_0.tar.bz2": {
      "arch": "x86",
      "build": "hc96583f_0",
      "build_number": 0,
      "depends": [
        "bzip2 >=1.0.8,<2.0a0",
        "libffi >=3.4.2,<3.5.0a0",
        "pytest",
        "sqlite >=3.37.2,<4.0a0",
        "zlib >=1.2.12,<1.3.0a0"
      ],
      "md5": "cc0c818c1e2968b1bc7806ff9fd00022",
      "name": "pytest_driver",
      "platform": "linux",
      "sha256": "227031924d143ee8f2de9fd6f96477252dfecfe2a54de17afd2e6a6fa1436c52",
      "size": 4183876,
      "subdir": "emscripten-32",
      "timestamp": 1652199996061,
      "version": "0.3.1",
      "time_modified": 1652203407
    },
    "pytest_driver-0.3.1-hc96583f_1.tar.bz2": {
      "arch": "x86",
      "build": "hc96583f_1",
      "build_number": 1,
      "depends": [
        "bzip2 >=1.0.8,<2.0a0",
        "libffi >=3.4.2,<3.5.0a0",
        "pytest",
        "sqlite >=3.37.2,<4.0a0",
        "zlib >=1.2.12,<1.3.0a0"
      ],
      "md5": "b58aa443edbe99b21589b99a0e991891",
      "name": "pytest_driver",
      "platform": "linux",
      "sha256": "d72f429e270935e345f6d57858c803e29a96ec58ec581b0c492d13f2aec33ae8",
      "size": 4186026,
      "subdir": "emscripten-32",
      "timestamp": 1652781433125,
      "version": "0.3.1",
      "time_modified": 1652781465
    },
    "pytest_driver-0.4.0-hc96583f_0.tar.bz2": {
      "arch": "x86",
      "build": "hc96583f_0",
      "build_number": 0,
      "depends": [
        "bzip2 >=1.0.8,<2.0a0",
        "libffi >=3.4.2,<3.5.0a0",
        "pytest",
        "sqlite >=3.37.2,<4.0a0",
        "zlib >=1.2.12,<1.3.0a0"
      ],
      "md5": "0cc262bcc31df2704d0e62fcc9f20c9f",
      "name": "pytest_driver",
      "platform": "linux",
      "sha256": "42560fbd47503a623cf6f5649e8e3aea74628036c9dc1da6437af9fd6df5a65e",
      "size": 4273986,
      "subdir": "emscripten-32",
      "timestamp": 1653924506688,
      "version": "0.4.0",
      "time_modified": 1653924700
    },
    "pytest_driver-0.5.1-hc96583f_0.tar.bz2": {
      "arch": "x86",
      "build": "hc96583f_0",
      "build_number": 0,
      "depends": [
        "bzip2 >=1.0.8,<2.0a0",
        "libffi >=3.4.2,<3.5.0a0",
        "numpy",
        "pytest",
        "sqlite >=3.37.2,<4.0a0",
        "zlib >=1.2.12,<1.3.0a0"
      ],
      "md5": "bcf548e0303a681a0db0a82c4dae8880",
      "name": "pytest_driver",
      "platform": "linux",
      "sha256": "a96b8bcb2d4db7e74214bf26ea571f5210e9b15a303ce46ca70674e8b9d4dedf",
      "size": 3039843,
      "subdir": "emscripten-32",
      "timestamp": 1654075781707,
      "version": "0.5.1",
      "time_modified": 1654076224
    },
    "pytest_driver_node-0.3.1-hc96583f_0.tar.bz2": {
      "arch": "x86",
      "build": "hc96583f_0",
      "build_number": 0,
      "depends": [
        "bzip2 >=1.0.8,<2.0a0",
        "libffi >=3.4.2,<3.5.0a0",
        "pytest",
        "sqlite >=3.37.2,<4.0a0",
        "zlib >=1.2.12,<1.3.0a0"
      ],
      "md5": "690ffb0b9c3aaf5290f9f4fd3f78ec4c",
      "name": "pytest_driver_node",
      "platform": "linux",
      "sha256": "a7454dc1415e9482787ae651cd6053d40bd2b3572d21e6acd86a8fb06e1e41cc",
      "size": 4188904,
      "subdir": "emscripten-32",
      "timestamp": 1652781453945,
      "version": "0.3.1",
      "time_modified": 1652781465
    },
    "pytest_driver_node-0.4.0-hc96583f_0.tar.bz2": {
      "arch": "x86",
      "build": "hc96583f_0",
      "build_number": 0,
      "depends": [
        "bzip2 >=1.0.8,<2.0a0",
        "libffi >=3.4.2,<3.5.0a0",
        "pytest",
        "sqlite >=3.37.2,<4.0a0",
        "zlib >=1.2.12,<1.3.0a0"
      ],
      "md5": "e7008b09b208d69e24b98a16823a9a6a",
      "name": "pytest_driver_node",
      "platform": "linux",
      "sha256": "642ee63512a7323ea4ce4a8abd09a6dc073a4b9ac9f5140e9ec81fa4a9a1453e",
      "size": 4274975,
      "subdir": "emscripten-32",
      "timestamp": 1653924689654,
      "version": "0.4.0",
      "time_modified": 1653924701
    },
    "pytest_driver_node-0.5.1-hc96583f_0.tar.bz2": {
      "arch": "x86",
      "build": "hc96583f_0",
      "build_number": 0,
      "depends": [
        "bzip2 >=1.0.8,<2.0a0",
        "libffi >=3.4.2,<3.5.0a0",
        "numpy",
        "pytest",
        "sqlite >=3.37.2,<4.0a0",
        "zlib >=1.2.12,<1.3.0a0"
      ],
      "md5": "859aea484bd8ebef9cde824897ded55f",
      "name": "pytest_driver_node",
      "platform": "linux",
      "sha256": "5b6a37c30e767f5c4fd50de8635d8f40f3d1ff82542dc141f49b3eaa76ed9ee2",
      "size": 3040930,
      "subdir": "emscripten-32",
      "timestamp": 1654076135188,
      "version": "0.5.1",
      "time_modified": 1654076224
    },
    "python-3.10.2-h_hash_0_cpython.tar.bz2": {
      "arch": "x86",
      "build": "h_hash_0_cpython",
      "build_number": 0,
      "depends": [
        "bzip2 >=1.0.8,<2.0a0",
        "libffi >=3.4.2,<3.5.0a0",
        "sqlite >=3.37.2,<4.0a0",
        "zlib >=1.2.12,<1.3.0a0"
      ],
      "md5": "5f2292eb79109048c3c3f2eda89693c2",
      "name": "python",
      "platform": "linux",
      "sha256": "2706f49f1bff66f4b7ce1925848c7fdb723c890c7551194da1756a9322d92595",
      "size": 26083780,
      "subdir": "emscripten-32",
      "timestamp": 1652886884934,
      "version": "3.10.2",
      "time_modified": 1652886929
    },
    "python-3.10.2-h_hash_4_cpython.tar.bz2": {
      "arch": "x86",
      "build": "h_hash_4_cpython",
      "build_number": 4,
      "depends": [
        "bzip2 >=1.0.8,<2.0a0",
        "libffi >=3.4.2,<3.5.0a0",
        "sqlite >=3.37.2,<4.0a0",
        "zlib >=1.2.12,<1.3.0a0"
      ],
      "md5": "db24b66b92b628a5b5cd1c894eac9030",
      "name": "python",
      "platform": "linux",
      "sha256": "ef1d233a8174a1d397d1947d504b69ddf33e73e9b1705187007daa40b3674182",
      "size": 14786286,
      "subdir": "emscripten-32",
      "timestamp": 1653040095286,
      "version": "3.10.2",
      "time_modified": 1653040114
    },
    "python-3.10.2-h_hash_5_cpython.tar.bz2": {
      "arch": "x86",
      "build": "h_hash_5_cpython",
      "build_number": 5,
      "depends": [
        "sqlite 3.37.2.*"
      ],
      "md5": "05e03293c303c9ff20a0e8413f52b61f",
      "name": "python",
      "platform": "linux",
      "sha256": "5d869922705afee47140f7cf66031508ba1ee899d0e8b04c1bef7fceb81d1a84",
      "size": 14814909,
      "subdir": "emscripten-32",
      "timestamp": 1657279751448,
      "version": "3.10.2",
      "time_modified": 1657279773
    },
    "python-3.10.2-h_hash_6_cpython.tar.bz2": {
      "arch": "x86",
      "build": "h_hash_6_cpython",
      "build_number": 6,
      "depends": [],
      "md5": "d7350b52e1058829f18f644be3f194ad",
      "name": "python",
      "platform": "linux",
      "sha256": "3f8cd346d815d9b95e4a1d140a2c1bac448c86b0f8e1cabc7ffa3f7964259bff",
      "size": 14803179,
      "subdir": "emscripten-32",
      "timestamp": 1657281983915,
      "version": "3.10.2",
      "time_modified": 1657282009
    },
    "python_abi-3.10-0_cp310.tar.bz2": {
      "arch": "x86",
      "build": "0_cp310",
      "build_number": 0,
      "depends": [],
      "md5": "4c0a52eb87d4238b00e2d44cab4b153e",
      "name": "python_abi",
      "platform": "linux",
      "sha256": "148923c87b84d08335fd74f7a0f627aa483cac33248ac80fc7a59e5f7009a66c",
      "size": 2370,
      "subdir": "emscripten-32",
      "timestamp": 1652199118313,
      "version": "3.10",
      "time_modified": 1652203407
    },
    "python-sat-0.1.7.dev15-h672cd09_0.tar.bz2": {
      "arch": "x86",
      "build": "h672cd09_0",
      "build_number": 0,
      "depends": [],
      "md5": "326151fcd7d2fb70b76f57f6d4e6f1a7",
      "name": "python-sat",
      "platform": "linux",
      "sha256": "6eb11ef8c4e4519478de9f9913357b05847b314696ad162d430786812b509580",
      "size": 482766,
      "subdir": "emscripten-32",
      "timestamp": 1652201372036,
      "version": "0.1.7.dev15",
      "time_modified": 1652203407
    },
    "pythran-0.11.0-py310ha912908_0.tar.bz2": {
      "arch": "x86",
      "build": "py310ha912908_0",
      "build_number": 0,
      "depends": [
        "beniget 0.4.*",
        "decorator",
        "gast 0.5.*",
        "numpy",
        "ply >=3.4",
        "python"
      ],
      "md5": "cb39c324824fc5ffda3aac3f5142664b",
      "name": "pythran",
      "platform": "linux",
      "sha256": "0983357b67b03e072175c458748472fb6c8807e7a82641302acfc65fc3457f86",
      "size": 2246547,
      "subdir": "emscripten-32",
      "timestamp": 1658299204239,
      "version": "0.11.0",
      "time_modified": 1658299223
    },
    "pythran-0.11.0-py310ha912908_1.tar.bz2": {
      "arch": "x86",
      "build": "py310ha912908_1",
      "build_number": 1,
      "depends": [
        "beniget 0.4.*",
        "decorator",
        "gast 0.5.*",
        "numpy",
        "ply >=3.4",
        "python"
      ],
      "md5": "f645ac640c851db66048b681a2a0d54a",
      "name": "pythran",
      "platform": "linux",
      "sha256": "7633819582f0565898e8d2dda259456d0c12b2dfff656701836d097571ebbd49",
      "size": 2243827,
      "subdir": "emscripten-32",
      "timestamp": 1659179470249,
      "version": "0.11.0",
      "time_modified": 1659179493
    },
    "pywavelets-1.3.0-py310h8a38847_0.tar.bz2": {
      "arch": "x86",
      "build": "py310h8a38847_0",
      "build_number": 0,
      "depends": [
        "numpy",
        "python"
      ],
      "md5": "df8e584098970dbc4d5b1c8bbb793379",
      "name": "pywavelets",
      "platform": "linux",
      "sha256": "dcfca4b3be62a2c8d2cab4d5249404fa7b6d05449a0669c222af108fdef338f5",
      "size": 4382026,
      "subdir": "emscripten-32",
      "timestamp": 1659508184749,
      "version": "1.3.0",
      "time_modified": 1659508216
    },
    "pyyaml-6.0-h8b4d581_0.tar.bz2": {
      "arch": "x86",
      "build": "h8b4d581_0",
      "build_number": 0,
      "depends": [
        "libyaml"
      ],
      "md5": "e15c037a9eb8bc2756bf981632b4c60a",
      "name": "pyyaml",
      "platform": "linux",
      "sha256": "736f9aa29f253c070dd1adbde9e34d1678c4c941cc36a49a6bc2758a37832827",
      "size": 80617,
      "subdir": "emscripten-32",
      "timestamp": 1652200990468,
      "version": "6.0",
      "time_modified": 1652203407
    },
    "qutip-4.7.0-py310ha912908_0.tar.bz2": {
      "arch": "x86",
      "build": "py310ha912908_0",
      "build_number": 0,
      "depends": [
        "numpy",
        "packaging",
        "python",
        "scipy >=1.0",
        "setuptools"
      ],
      "md5": "9c2611d3f9c576181e91cf4cadf65591",
      "name": "qutip",
      "platform": "linux",
      "sha256": "da1dae5676d461c3071e9c19400e79c67dc362454bb8540c789b7ee8ec92cfdb",
      "size": 4066877,
      "subdir": "emscripten-32",
      "timestamp": 1659448387191,
      "version": "4.7.0",
      "time_modified": 1659448446
    },
    "regex-2022.1.18-py310h672cd09_0.tar.bz2": {
      "arch": "x86",
      "build": "py310h672cd09_0",
      "build_number": 0,
      "depends": [
        "python"
      ],
      "md5": "d425a2e18bb30cd1e4119c755416f8b7",
      "name": "regex",
      "platform": "linux",
      "sha256": "8607d72151187491980068f2321662e6d990a476ff64d892de7efb775c1540a9",
      "size": 321767,
      "subdir": "emscripten-32",
      "timestamp": 1652345030384,
      "version": "2022.1.18",
      "time_modified": 1652345071
    },
    "regex-2022.1.18-py310h6d2fff6_0.tar.bz2": {
      "arch": "x86",
      "build": "py310h6d2fff6_0",
      "build_number": 0,
      "depends": [
        "python"
      ],
      "md5": "730ec65db8471df530454b3a4d2df8fc",
      "name": "regex",
      "platform": "linux",
      "sha256": "b4f9e03374bdd041d845e810c174cc27128380511ab401fb68b7e99bfcf8f922",
      "size": 318451,
      "subdir": "emscripten-32",
      "timestamp": 1652872332246,
      "version": "2022.1.18",
      "time_modified": 1652872372
    },
    "requests-0.2.0-py310h8bed8af_0.tar.bz2": {
      "arch": "x86",
      "build": "py310h8bed8af_0",
      "build_number": 0,
      "depends": [
        "python",
        "requests-wasm-polyfill 0.2.0"
      ],
      "md5": "132684afd1e64e39bd244ed7f7b83f15",
      "name": "requests",
      "platform": "linux",
      "sha256": "29dec0d7072f337712497c28a16c8c964034b39615e2dfabaff826e2fcb5bdd0",
      "size": 3505,
      "subdir": "emscripten-32",
      "timestamp": 1659710520395,
      "version": "0.2.0",
      "time_modified": 1659710996
    },
    "requests-wasm-polyfill-0.2.0-h8bed8af_0.tar.bz2": {
      "arch": "x86",
      "build": "h8bed8af_0",
      "build_number": 0,
      "depends": [
        "numpy"
      ],
      "md5": "515a4877e8968a5444913629366bf4d5",
      "name": "requests-wasm-polyfill",
      "platform": "linux",
      "sha256": "8943a058ccaa57cf49e40087da7e4c7d0b6a96f0ddf8ce69812d77724b7b0d43",
      "size": 9959,
      "subdir": "emscripten-32",
      "timestamp": 1659710519341,
      "version": "0.2.0",
      "time_modified": 1659710996
    },
    "scikit-image-0.19.3-py310h7c23efa_0.tar.bz2": {
      "arch": "x86",
      "build": "py310h7c23efa_0",
      "build_number": 0,
      "constrains": [
        "matplotlib-base >=3.0.3",
        "pooch >=1.3.0"
      ],
      "depends": [
        "imageio >=2.3.0",
        "networkx >=2.2",
        "numpy",
        "packaging >=20.0",
        "pillow >=6.1.0,!=7.1.0,!=7.1.1,!=8.3.0",
        "python",
        "pywavelets >=1.1.1",
        "scipy >=1.4.1"
      ],
      "md5": "0347bf2aaa5083313ab729049c0157da",
      "name": "scikit-image",
      "platform": "linux",
      "sha256": "63264b999e6e5be37d37603e449d0a5788b692a7f17906bf0bae9a1e97c7b537",
      "size": 9744357,
      "subdir": "emscripten-32",
      "timestamp": 1659627830604,
      "version": "0.19.3",
      "time_modified": 1659627904
    },
    "scikit-learn-1.1.1-py310h7c23efa_0.tar.bz2": {
      "arch": "x86",
      "build": "py310h7c23efa_0",
      "build_number": 0,
      "depends": [
        "joblib >=1.0.0",
        "numpy",
        "python",
        "scipy",
        "threadpoolctl >=2.0.0"
      ],
      "md5": "e559b1bcf6685829979c9a7fbf0e99fa",
      "name": "scikit-learn",
      "platform": "linux",
      "sha256": "c164358fdf4d5b259787cad4ae608e4376aa727389f59c12b6ad9fbe47ae1b90",
      "size": 6154644,
      "subdir": "emscripten-32",
      "timestamp": 1659499577492,
      "version": "1.1.1",
      "time_modified": 1659499651
    },
    "scikit-learn-1.1.1-py310h7c23efa_1.tar.bz2": {
      "arch": "x86",
      "build": "py310h7c23efa_1",
      "build_number": 1,
      "depends": [
        "joblib >=1.0.0",
        "numpy",
        "python",
        "requests-wasm-polyfill",
        "scipy",
        "threadpoolctl >=2.0.0"
      ],
      "md5": "8b710f5bc3e74ed3dab7ac7f009248a9",
      "name": "scikit-learn",
      "platform": "linux",
      "sha256": "fae53d3b041245767376dee2203aa9c77bd92815a45093c2177a0c3575fd0d6d",
      "size": 6157411,
      "subdir": "emscripten-32",
      "timestamp": 1662126765400,
      "version": "1.1.1",
      "time_modified": 1662126847
    },
    "scipy-1.8.1-py310h7c23efa_0.tar.bz2": {
      "arch": "x86",
      "build": "py310h7c23efa_0",
      "build_number": 0,
      "depends": [
        "clapack 3.2.*",
        "numpy",
        "python"
      ],
      "md5": "0404f0ce52716beaf30ce79edaeddc2b",
      "name": "scipy",
      "platform": "linux",
      "sha256": "dcc68f2916347f899475d66c178d1854c1fafedf7be1178ae53dcc4c1bdcfc0e",
      "size": 23384314,
      "subdir": "emscripten-32",
      "timestamp": 1659364584769,
      "version": "1.8.1",
      "time_modified": 1659364660
    },
    "setuptools-3.10-h51e9701_0.tar.bz2": {
      "arch": "x86",
      "build": "h51e9701_0",
      "build_number": 0,
      "depends": [],
      "md5": "cc60f25011ad6814062463f0a8d4c999",
      "name": "setuptools",
      "platform": "linux",
      "sha256": "c2362bff25b630c2b13d0b092b272e9d96aa4fe89438cd2f80b07cd5fa685ae1",
      "size": 2286,
      "subdir": "emscripten-32",
      "timestamp": 1652199187771,
      "version": "3.10",
      "time_modified": 1652203407
    },
    "setuptools-63.4.2-py310h8bed8af_0.tar.bz2": {
      "arch": "x86",
      "build": "py310h8bed8af_0",
      "build_number": 0,
      "depends": [
        "pyparsing",
        "python"
      ],
      "md5": "f7492c583d716a28ac651fa312fb6568",
      "name": "setuptools",
      "platform": "linux",
      "sha256": "ecbaaae6eebd359c8e40a35332dcd6275e461e9527895a9fe7e8df94f0497625",
      "size": 1428141,
      "subdir": "emscripten-32",
      "timestamp": 1660029867757,
      "version": "63.4.2",
      "time_modified": 1660029899
    },
    "sqlalchemy-1.4.31-py310h672cd09_0.tar.bz2": {
      "arch": "x86",
      "build": "py310h672cd09_0",
      "build_number": 0,
      "depends": [
        "python"
      ],
      "md5": "3294f62ed14421f49c2faa7f1e539b73",
      "name": "sqlalchemy",
      "platform": "linux",
      "sha256": "4b749222de8f8f627c5b45f5de9a9d98f5612d44a9fea4c2b8830386bf17261e",
      "size": 2457187,
      "subdir": "emscripten-32",
      "timestamp": 1652202863836,
      "version": "1.4.31",
      "time_modified": 1652203407
    },
    "sqlite-3.37.2-h2aeb873_0.tar.bz2": {
      "arch": "x86",
      "build": "h2aeb873_0",
      "build_number": 0,
      "depends": [
        "zlib >=1.2.12,<1.3.0a0"
      ],
      "md5": "2dc3870dbdbeb22ac322d4e29cb35b2c",
      "name": "sqlite",
      "platform": "linux",
      "sha256": "1b0ed4e1a7b55195a8a30c90076a0d1b937934386312ecb2d99116d28a6dba8c",
      "size": 1368693,
      "subdir": "emscripten-32",
      "timestamp": 1649252768076,
      "version": "3.37.2",
      "time_modified": 1652942425
    },
    "sqlite-3.37.2-hc67169a_0.tar.bz2": {
      "arch": "x86",
      "build": "hc67169a_0",
      "build_number": 0,
      "depends": [
        "zlib >=1.2.12,<1.3.0a0"
      ],
      "md5": "a4a642f856ef9678ee8298d2a72b7115",
      "name": "sqlite",
      "platform": "linux",
      "sha256": "63da44f64fb627ad144d38df48b24fb741f8f787027b38219273b40ac75bada9",
      "size": 1383039,
      "subdir": "emscripten-32",
      "timestamp": 1652199216601,
      "version": "3.37.2",
      "time_modified": 1652203407
    },
    "sqlite-3.37.2-hc67169a_1.tar.bz2": {
      "arch": "x86",
      "build": "hc67169a_1",
      "build_number": 1,
      "depends": [
        "zlib"
      ],
      "md5": "21df9c9e3744d33ab68360bc87a7e68a",
      "name": "sqlite",
      "platform": "linux",
      "sha256": "54f786e9ec7df72d76839d04d3992298f804fb52d3e3a3c6435eb1834940578e",
      "size": 1368639,
      "subdir": "emscripten-32",
      "timestamp": 1657281579274,
      "version": "3.37.2",
      "time_modified": 1657282009
    },
    "statsmodels-0.13.2-py310h8a38847_0.tar.bz2": {
      "arch": "x86",
      "build": "py310h8a38847_0",
      "build_number": 0,
      "depends": [
        "numpy",
        "packaging",
        "pandas >=1.0",
        "patsy >=0.5.2",
        "python",
        "scipy >=1.3"
      ],
      "md5": "439b41d61d3313706dcebb8ff760e9a0",
      "name": "statsmodels",
      "platform": "linux",
      "sha256": "719505ed37667a562f036d63fa1a48cdd038a8c4a436048b89d3851a8fb2d604",
      "size": 10169267,
      "subdir": "emscripten-32",
      "timestamp": 1659950140891,
      "version": "0.13.2",
      "time_modified": 1659950205
    },
    "swiglpk-5.0.3-h8b4d581_0.tar.bz2": {
      "arch": "x86",
      "build": "h8b4d581_0",
      "build_number": 0,
      "depends": [
        "glpk >=5.0,<5.1.0a0"
      ],
      "md5": "02423f86dc7f165b5bd05b192731bcba",
      "name": "swiglpk",
      "platform": "linux",
      "sha256": "dede4fa80e88e93bcb8c230802ed62c0ac4dd901b876af757cb471a1e9d93949",
      "size": 354789,
      "subdir": "emscripten-32",
      "timestamp": 1652201414539,
      "version": "5.0.3",
      "time_modified": 1652203407
    },
    "sympy-1.11-py310h8bed8af_0.tar.bz2": {
      "arch": "x86",
      "build": "py310h8bed8af_0",
      "build_number": 0,
      "depends": [
        "mpmath",
        "python"
      ],
      "md5": "f590a2c718e81518ea8116246a34d3b7",
      "name": "sympy",
      "platform": "linux",
      "sha256": "c3744f58f0c28d7ce3e02739ad8f790ccc152ec219b7e938a5ee3175101760d2",
      "size": 12463001,
      "subdir": "emscripten-32",
      "timestamp": 1661932185707,
      "version": "1.11",
      "time_modified": 1661932249
    },
    "sympy-1.9-py310h8b4d581_0.tar.bz2": {
      "arch": "x86",
      "build": "py310h8b4d581_0",
      "build_number": 0,
      "depends": [
        "mpmath",
        "python"
      ],
      "md5": "9e6549586dcb45d6eda76d1492b7221b",
      "name": "sympy",
      "platform": "linux",
      "sha256": "5d2a7f2b12299d4e120a34a58e16c908209d2141897abae2d35d869a4cd7b0a0",
      "size": 12026489,
      "subdir": "emscripten-32",
      "timestamp": 1652201468360,
      "version": "1.9",
      "time_modified": 1652203407
    },
    "traits-6.3.2-py310h672cd09_0.tar.bz2": {
      "arch": "x86",
      "build": "py310h672cd09_0",
      "build_number": 0,
      "depends": [
        "python"
      ],
      "md5": "21c4814da50aa29570736b6b6ac373ec",
      "name": "traits",
      "platform": "linux",
      "sha256": "7e7ea0be5fd1657b973a83086782a478e4221915f9ef108cbe1e25df12bb06e4",
      "size": 5246136,
      "subdir": "emscripten-32",
      "timestamp": 1652201531130,
      "version": "6.3.2",
      "time_modified": 1652203407
    },
    "udunits2-2.2.28-hca208a3_0.tar.bz2": {
      "arch": "x86",
      "build": "hca208a3_0",
      "build_number": 0,
      "depends": [
        "expat"
      ],
      "md5": "194179c9c5158ee624ee59dd7514878b",
      "name": "udunits2",
      "platform": "linux",
      "sha256": "70e36a041d8c0549ab3bf0a50dd6628617c1573e72b5523b37013c345c995688",
      "size": 197388,
      "subdir": "emscripten-32",
      "timestamp": 1659691688264,
      "version": "2.2.28",
      "time_modified": 1659691693
    },
    "unicodedata2-14.0.0-h672cd09_0.tar.bz2": {
      "arch": "x86",
      "build": "h672cd09_0",
      "build_number": 0,
      "depends": [],
      "md5": "a0364fe9f5a4a5155590a1ee631e0ce2",
      "name": "unicodedata2",
      "platform": "linux",
      "sha256": "36dc16630462e95971e33fedec486a6bc218fe3e6d791a6cc5066cd79c0770f9",
      "size": 486037,
      "subdir": "emscripten-32",
      "timestamp": 1652203154807,
      "version": "14.0.0",
      "time_modified": 1652203407
    },
    "wasm_requests-0.1.1-h8bed8af_0.tar.bz2": {
      "arch": "x86",
      "build": "h8bed8af_0",
      "build_number": 0,
      "depends": [
        "numpy"
      ],
      "md5": "f68947f1fdcc24e8d509f88cc9ae5c12",
      "name": "wasm_requests",
      "platform": "linux",
      "sha256": "4d7c55466c05296b44a31c2b9871c350a37dc128875e2150487e5adb1b058e9e",
      "size": 8327,
      "subdir": "emscripten-32",
      "timestamp": 1654076193354,
      "version": "0.1.1",
      "time_modified": 1654076225
    },
    "wasm_requests-0.1.5-h8bed8af_0.tar.bz2": {
      "arch": "x86",
      "build": "h8bed8af_0",
      "build_number": 0,
      "depends": [
        "numpy"
      ],
      "md5": "72ea6e44098c9963a402d6a5ac459f8c",
      "name": "wasm_requests",
      "platform": "linux",
      "sha256": "59178ed3a62166eef876101463a20edcfb3eec7f0853cd809a43ed6bfb7e6615",
      "size": 8898,
      "subdir": "emscripten-32",
      "timestamp": 1654086614409,
      "version": "0.1.5",
      "time_modified": 1654086654
    },
    "widgetsnbextension-3.6.0-py310h8b4d581_0.tar.bz2": {
      "arch": "x86",
      "build": "py310h8b4d581_0",
      "build_number": 0,
      "depends": [
        "python"
      ],
      "md5": "6d333578a38504ebd56f395cf0f872f0",
      "name": "widgetsnbextension",
      "platform": "linux",
      "sha256": "784acba2d08880baaf30882045aa34f32add2b10d48afd38020f399f71ef0e36",
      "size": 1297575,
      "subdir": "emscripten-32",
      "timestamp": 1652441539308,
      "version": "3.6.0",
      "time_modified": 1652441580
    },
    "widgetsnbextension-3.6.1-py310h8bed8af_0.tar.bz2": {
      "arch": "x86",
      "build": "py310h8bed8af_0",
      "build_number": 0,
      "depends": [
        "python"
      ],
      "md5": "0e0d6665a7f8279158bca3f615c8f93b",
      "name": "widgetsnbextension",
      "platform": "linux",
      "sha256": "618aedc8920eff0c61e800cb3aa34c59f0b3a3f9a71faef2f85aede3fbbf64b0",
      "size": 1310127,
      "subdir": "emscripten-32",
      "timestamp": 1655969161616,
      "version": "3.6.1",
      "time_modified": 1655969266
    },
    "wrapt-1.13.3-py310h672cd09_0.tar.bz2": {
      "arch": "x86",
      "build": "py310h672cd09_0",
      "build_number": 0,
      "depends": [
        "python"
      ],
      "md5": "3b700315ab66ed460d26b77b6c6358b1",
      "name": "wrapt",
      "platform": "linux",
      "sha256": "c659400adf6f124de441165f4a37e899188e70b338129edf6684d55993915ae2",
      "size": 39514,
      "subdir": "emscripten-32",
      "timestamp": 1652201567073,
      "version": "1.13.3",
      "time_modified": 1652203407
    },
    "xeus-2.3.1-h501ac3a_1.tar.bz2": {
      "arch": "x86",
      "build": "h501ac3a_1",
      "build_number": 1,
      "depends": [],
      "md5": "6ddd0da2b38fdacc01c2c2bfe7b8b6bc",
      "name": "xeus",
      "platform": "linux",
      "sha256": "2d6406129d8b4b6328df3df119091a9bff255c511183072e957faf6e47435937",
      "size": 238549,
      "subdir": "emscripten-32",
      "timestamp": 1652200062953,
      "version": "2.3.1",
      "time_modified": 1652203407
    },
    "xeus-python-0.13.9-py310h5820cd7_0.tar.bz2": {
      "arch": "x86",
      "build": "py310h5820cd7_0",
      "build_number": 0,
      "depends": [
        "ipython",
        "jedi",
        "python",
        "xeus-python-shell >=0.3"
      ],
      "md5": "77abd5f07b6e91e0a4d3b9a90259d80e",
      "name": "xeus-python",
      "platform": "linux",
      "sha256": "579b92773ef6689f7018290c3979950c585898f41d7be1e1cf9576a82c2aaba6",
      "size": 3279354,
      "subdir": "emscripten-32",
      "timestamp": 1652455071614,
      "version": "0.13.9",
      "time_modified": 1652455081
    },
    "xeus-python-0.13.9-py310h5820cd7_1.tar.bz2": {
      "arch": "x86",
      "build": "py310h5820cd7_1",
      "build_number": 1,
      "depends": [
        "ipython",
        "jedi",
        "python",
        "xeus-python-shell >=0.3"
      ],
      "md5": "040cbab2332c286b14379421be34eda9",
      "name": "xeus-python",
      "platform": "linux",
      "sha256": "a607e57a89e76b0eaaacb88c8fe175a9cb4f25fb29f18759c0561209f3258db8",
      "size": 3293465,
      "subdir": "emscripten-32",
      "timestamp": 1652458913569,
      "version": "0.13.9",
      "time_modified": 1652458923
    },
    "xeus-python-0.13.9-py310h5820cd7_2.tar.bz2": {
      "arch": "x86",
      "build": "py310h5820cd7_2",
      "build_number": 2,
      "depends": [
        "ipython",
        "jedi",
        "python",
        "xeus-python-shell >=0.3.1"
      ],
      "md5": "0d80b10f115cc9888a85be8479eb50d9",
      "name": "xeus-python",
      "platform": "linux",
      "sha256": "9aa9e5f876304f5e6b9fac03bb13e6446afae8e1517280d0843757878bd3fef3",
      "size": 3278698,
      "subdir": "emscripten-32",
      "timestamp": 1653396029661,
      "version": "0.13.9",
      "time_modified": 1653396043
    },
    "xeus-python-0.13.9-py310h5820cd7_3.tar.bz2": {
      "arch": "x86",
      "build": "py310h5820cd7_3",
      "build_number": 3,
      "depends": [
        "ipython",
        "jedi",
        "python",
        "xeus-python-shell >=0.3.1,<0.4"
      ],
      "md5": "f6c6690e639b4277909aec64825e3610",
      "name": "xeus-python",
      "platform": "linux",
      "sha256": "cd1fec10daf43c6682d4f53e45394e2a1749437ec4c0b7e5c7db544b681bb012",
      "size": 3295840,
      "subdir": "emscripten-32",
      "timestamp": 1653914240108,
      "version": "0.13.9",
      "time_modified": 1653914251
    },
    "xeus-python-0.14.0-py310h5820cd7_0.tar.bz2": {
      "arch": "x86",
      "build": "py310h5820cd7_0",
      "build_number": 0,
      "depends": [
        "ipython",
        "jedi",
        "python",
        "wasm_requests >=0.1.5",
        "xeus-python-shell >=0.4.1,<0.5"
      ],
      "md5": "66fe812f71361aabbc66e4b0d1d5889a",
      "name": "xeus-python",
      "platform": "linux",
      "sha256": "855d8488c5e42f6e33e95cbf9fbada652ccffeaf3d0bf171498a246ee6705f71",
      "size": 3281010,
      "subdir": "emscripten-32",
      "timestamp": 1655202758623,
      "version": "0.14.0",
      "time_modified": 1655202772
    },
    "xeus-python-0.14.1-py310h5820cd7_0.tar.bz2": {
      "arch": "x86",
      "build": "py310h5820cd7_0",
      "build_number": 0,
      "depends": [
        "ipython",
        "jedi",
        "python",
        "wasm_requests >=0.1.5",
        "xeus-python-shell >=0.4.1,<0.5"
      ],
      "md5": "e5c948624eba5f6c4625cbddb8d21078",
      "name": "xeus-python",
      "platform": "linux",
      "sha256": "bb470ec2636a2e3b933a5d3592c623c9700cd6977d720157619d4345015f58b4",
      "size": 3268666,
      "subdir": "emscripten-32",
      "timestamp": 1655292215812,
      "version": "0.14.1",
      "time_modified": 1655292229
    },
    "xeus-python-0.14.2-py310h5820cd7_1.tar.bz2": {
      "arch": "x86",
      "build": "py310h5820cd7_1",
      "build_number": 1,
      "depends": [
        "ipython",
        "jedi",
        "python",
        "requests-wasm-polyfill",
        "xeus-python-shell >=0.4.1,<0.5"
      ],
      "md5": "9b869a30eb2e4a9de4c01bbb005f553c",
      "name": "xeus-python",
      "platform": "linux",
      "sha256": "25c26a6272ddb2bedc2f99468e90c18c430289b24a8746263067643eec536317",
      "size": 3268220,
      "subdir": "emscripten-32",
      "timestamp": 1659782149688,
      "version": "0.14.2",
      "time_modified": 1659782174
    },
    "xeus-python-0.14.3-py310h5820cd7_0.tar.bz2": {
      "arch": "x86",
      "build": "py310h5820cd7_0",
      "build_number": 0,
      "depends": [
        "ipython",
        "jedi",
        "python",
        "requests-wasm-polyfill",
        "xeus-python-shell >=0.5.0,<0.6"
      ],
      "md5": "8bad790dca31b4ecea207e22c5ffa244",
      "name": "xeus-python",
      "platform": "linux",
      "sha256": "3a90173492c54a5a9acb52831fb8ea428552bd622f10155a01b8d6a9e761c741",
      "size": 3316037,
      "subdir": "emscripten-32",
      "timestamp": 1661264387690,
      "version": "0.14.3",
      "time_modified": 1661264403
    },
    "xtl-0.7.4-h501ac3a_0.tar.bz2": {
      "arch": "x86",
      "build": "h501ac3a_0",
      "build_number": 0,
      "depends": [],
      "md5": "aa52fa2217f9e5ec888b9e90d531c009",
      "name": "xtl",
      "platform": "linux",
      "sha256": "842e7f5af1089a008e8313a2a17a7310332a540f83ca8721472c937f9afd0bc0",
      "size": 94872,
      "subdir": "emscripten-32",
      "timestamp": 1652200033689,
      "version": "0.7.4",
      "time_modified": 1652203407
    },
    "zarr-2.10.3-h8b4d581_0.tar.bz2": {
      "arch": "x86",
      "build": "h8b4d581_0",
      "build_number": 0,
      "depends": [
        "asciitree",
        "numcodecs",
        "numpy"
      ],
      "md5": "fe4c0f88cc7519bd5b23adc8012da907",
      "name": "zarr",
      "platform": "linux",
      "sha256": "f8441f58ca25e1cd6bdc7935463cf8df631ee5a68c5b1f36e8b067adb090ace6",
      "size": 267970,
      "subdir": "emscripten-32",
      "timestamp": 1652202810173,
      "version": "2.10.3",
      "time_modified": 1652203407
    },
    "zarr-2.10.3-h8bed8af_0.tar.bz2": {
      "arch": "x86",
      "build": "h8bed8af_0",
      "build_number": 0,
      "depends": [
        "asciitree",
        "numcodecs",
        "numpy"
      ],
      "md5": "65575a8d132da9d5a2f9899b00cc6fcc",
      "name": "zarr",
      "platform": "linux",
      "sha256": "b75d0630956ca9f29cf4872cfdd642cb9dcaff2a5e7ba256e8531c486ec35b20",
      "size": 288488,
      "subdir": "emscripten-32",
      "timestamp": 1652780815636,
      "version": "2.10.3",
      "time_modified": 1652780878
    },
    "zlib-1.2.12-h672cd09_0.tar.bz2": {
      "arch": "x86",
      "build": "h672cd09_0",
      "build_number": 0,
      "depends": [],
      "md5": "24c28137dab9d9f745f17a1962d0571a",
      "name": "zlib",
      "platform": "linux",
      "sha256": "d3f8e535011139cc174eb7e083e821b12ec3b5eebfd073d156aae20e07e47ebe",
      "size": 168976,
      "subdir": "emscripten-32",
      "timestamp": 1652780873528,
      "version": "1.2.12",
      "time_modified": 1652780878
    }
  },
  "packages.conda": {},
  "repodata_version": 1
}